,traffic_x,traffic_y,traffic_area,place_name
0,-82.41481459604312,42.99424331185383,22502.35382565591,Point Edward
